"","borough","neighborhood","building.class.category","tax.class.at.present","block","lot","ease.ment","building.class.at.present","address","apartment.number","zip.code","residential.units","commercial.units","total.units","land.square.feet","gross.square.feet","year.built","tax.class.at.time.of.sale","building.class.at.time.of.sale","sale.price","sale.date","sale.price.n","gross.sqft","land.sqft","Price.per.gross.sqft","Price.per.land.sqft","outliers"
"2",1,"ALPHABET CITY            ","03  THREE FAMILY DWELLINGS                  ","1",376,24,NA,"C0","264 EAST 7TH STREET                      ","            ",10009,3,0,3," 2,059 "," 3,696 ",1900,1,"C0"," 3,775,000 ","10/22/2015",3775000,3696,2059,1021.37445887446,1833.4142787761,0
"169",1,"CHELSEA                  ","01  ONE FAMILY DWELLINGS                    ","1",722,10,NA,"A4","451 WEST 24                              ","            ",10011,1,0,1," 2,057 "," 3,360 ",1910,1,"A4"," 13,000,000 ","8/16/2016",1.3e+07,3360,2057,3869.04761904762,6319.88332523092,0
"170",1,"CHELSEA                  ","01  ONE FAMILY DWELLINGS                    ","1",771,52,NA,"A9","224 WEST 22ND   STREET                   ","            ",10011,1,0,1," 1,975 "," 3,855 ",1901,1,"A9"," 8,800,000 ","12/11/2015",8800000,3855,1975,2282.74967574578,4455.69620253165,0
"172",1,"CHELSEA                  ","02  TWO FAMILY DWELLINGS                    ","1",742,19,NA,"B9","331 WEST 18TH   STREET                   ","            ",10011,2,0,2," 2,147 "," 4,554 ",1910,1,"B9"," 6,109,000 ","2/3/2016",6109000,4554,2147,1341.45805884936,2845.36562645552,0
"173",1,"CHELSEA                  ","02  TWO FAMILY DWELLINGS                    ","1",745,11,NA,"A4","347 WEST 21ST STREET                     ","            ",10011,1,0,1," 2,074 "," 5,808 ",1910,1,"B1"," 11,095,675 ","9/9/2015",11095675,5808,2074,1910.41236225895,5349.89151398264,0
"174",1,"CHELSEA                  ","03  THREE FAMILY DWELLINGS                  ","1",719,58,NA,"C0","426 WEST 22ND   STREET                   ","            ",10011,3,0,3," 1,813 "," 3,440 ",1900,1,"C0"," 7,350,000 ","8/8/2016",7350000,3440,1813,2136.62790697674,4054.05405405405,0
"1458",1,"CLINTON                  ","02  TWO FAMILY DWELLINGS                    ","1",1053,55,NA,"S2","448 WEST 44TH STREET                     ","            ",10036,2,1,3," 1,883 "," 3,600 ",1899,1,"S2"," 4,640,000 ","12/22/2015",4640000,3600,1883,1288.88888888889,2464.15294742432,0
"1781",1,"EAST VILLAGE             ","02  TWO FAMILY DWELLINGS                    ","1",445,1,NA,"S2","54 2 AVENUE                              ","            ",10003,2,1,3," 1,440 "," 5,772 ",1901,1,"S2"," 6,900,000 ","2/24/2016",6900000,5772,1440,1195.4261954262,4791.66666666667,0
"1782",1,"EAST VILLAGE             ","02  TWO FAMILY DWELLINGS                    ","1",449,10,NA,"S2","421/2 ST MARKS PLACE                     ","            ",10003,2,1,3," 665 "," 3,325 ",1800,1,"S2"," 3,375,000 ","10/27/2015",3375000,3325,665,1015.03759398496,5075.18796992481,0
"1783",1,"EAST VILLAGE             ","03  THREE FAMILY DWELLINGS                  ","1",448,46,NA,"C0","319 EAST 6TH   STREET                    ","            ",10003,3,0,3," 1,635 "," 4,748 ",1900,1,"C0"," 7,920,400 ","5/31/2016",7920400,4748,1635,1668.1550126369,4844.28134556575,0
"3111",1,"GRAMERCY                 ","02  TWO FAMILY DWELLINGS                    ","1",900,155,NA,"B9","202 EAST 20TH   STREET                   ","            ",10003,2,0,2," 353 "," 1,140 ",1901,1,"B9"," 2,225,000 ","7/28/2016",2225000,1140,353,1951.75438596491,6303.11614730878,0
"3112",1,"GRAMERCY                 ","02  TWO FAMILY DWELLINGS                    ","1",901,29,NA,"S2","351 SECOND AVENUE                        ","            ",10010,2,1,3," 1,580 "," 3,600 ",1910,1,"S2"," 6,250,000 ","10/15/2015",6250000,3600,1580,1736.11111111111,3955.69620253165,0
"3608",1,"GREENWICH VILLAGE-CENTRAL","01  ONE FAMILY DWELLINGS                    ","1",552,16,NA,"A4","74 WEST WASHINGTON PLCE                  ","            ",10011,1,0,1," 2,150 "," 7,546 ",1900,1,"A4"," 21,650,000 ","6/21/2016",21650000,7546,2150,2869.0697058044,10069.7674418605,0
"3610",1,"GREENWICH VILLAGE-CENTRAL","01  ONE FAMILY DWELLINGS                    ","1",567,14,NA,"A7","16 EAST 10TH STREET                      ","            ",10003,1,0,1," 2,307 "," 6,900 ",1910,1,"A7"," 32,000,000 ","9/11/2015",3.2e+07,6900,2307,4637.68115942029,13870.8279150412,0
"3611",1,"GREENWICH VILLAGE-CENTRAL","01  ONE FAMILY DWELLINGS                    ","1",573,37,NA,"A4","10 WEST 10TH STREET                      ","            ",10011,1,0,1," 2,399 "," 8,472 ",1900,1,"A4"," 20,000,000 ","9/30/2015",2e+07,8472,2399,2360.71765816808,8336.80700291788,0
"3612",1,"GREENWICH VILLAGE-CENTRAL","01  ONE FAMILY DWELLINGS                    ","1",574,32,NA,"A5","24 WEST 11TH   STREET                    ","            ",10011,1,0,1," 2,018 "," 4,278 ",1920,1,"A5"," 19,250,000 ","11/2/2015",19250000,4278,2018,4499.7662459093,9539.14767096135,0
"4253",1,"GREENWICH VILLAGE-WEST   ","01  ONE FAMILY DWELLINGS                    ","1",584,28,NA,"A4","36 COMMERCE STREET                       ","            ",10014,1,0,1," 1,586 "," 6,804 ",1841,1,"A4"," 7,400,000 ","6/2/2016",7400000,6804,1586,1087.59553203998,4665.82597730139,0
"4257",1,"GREENWICH VILLAGE-WEST   ","01  ONE FAMILY DWELLINGS                    ","1",587,54,NA,"A4","41 BARROW                                ","            ",10014,1,0,1," 840 "," 924 ",1899,1,"A4"," 4,900,000 ","7/20/2016",4900000,924,840,5303.0303030303,5833.33333333333,0
"4259",1,"GREENWICH VILLAGE-WEST   ","01  ONE FAMILY DWELLINGS                    ","1",592,60,NA,"A7","146 WAVERLY PLACE                        ","            ",10014,1,0,1," 2,158 "," 6,118 ",1905,1,"A7"," 23,282,932 ","12/29/2015",23282932,6118,2158,3805.64432821183,10789.125115848,0
"4262",1,"GREENWICH VILLAGE-WEST   ","01  ONE FAMILY DWELLINGS                    ","1",608,13,NA,"A5","152 WEST 13TH STREET                     ","            ",10011,1,0,1," 2,065 "," 4,508 ",1899,1,"A5"," 15,000,000 ","4/21/2016",1.5e+07,4508,2065,3327.41792369122,7263.92251815981,0
"4263",1,"GREENWICH VILLAGE-WEST   ","01  ONE FAMILY DWELLINGS                    ","1",609,51,NA,"A4","111 WEST 13 STREET                       ","            ",10011,1,0,1," 2,000 "," 3,280 ",1901,1,"A4"," 7,700,000 ","8/12/2016",7700000,3280,2000,2347.56097560976,3850,0
"4264",1,"GREENWICH VILLAGE-WEST   ","01  ONE FAMILY DWELLINGS                    ","1",612,40,NA,"A4","41 CHARLES STREET                        ","            ",10014,1,0,1," 1,584 "," 3,474 ",1900,1,"A4"," 14,500,000 ","6/30/2016",14500000,3474,1584,4173.86298215314,9154.0404040404,0
"4266",1,"GREENWICH VILLAGE-WEST   ","01  ONE FAMILY DWELLINGS                    ","1",615,85,NA,"A4","243 WEST 12TH STREET                     ","            ",10014,1,0,1," 1,364 "," 3,720 ",1899,1,"A4"," 8,500,000 ","2/29/2016",8500000,3720,1364,2284.94623655914,6231.6715542522,0
"4267",1,"GREENWICH VILLAGE-WEST   ","01  ONE FAMILY DWELLINGS                    ","1",616,5,NA,"S1","48 8 AVENUE                              ","            ",10014,1,1,2," 668 "," 1,887 ",1910,1,"S1"," 5,150,000 ","11/13/2015",5150000,1887,668,2729.19978802332,7709.58083832335,0
"4269",1,"GREENWICH VILLAGE-WEST   ","01  ONE FAMILY DWELLINGS                    ","1",622,38,NA,"A4","278 WEST 11 STREET                       ","            ",10014,1,0,1," 2,391 "," 4,890 ",1905,1,"A4"," 27,500,000 ","7/19/2016",27500000,4890,2391,5623.72188139059,11501.4638226683,0
"4272",1,"GREENWICH VILLAGE-WEST   ","01  ONE FAMILY DWELLINGS                    ","1",636,45,NA,"A9","400 WEST STREET                          ","            ",10014,1,0,1," 1,935 "," 7,705 ",1950,1,"A9"," 14,500,000 ","2/8/2016",14500000,7705,1935,1881.89487345879,7493.54005167959,0
"4273",1,"GREENWICH VILLAGE-WEST   ","01  ONE FAMILY DWELLINGS                    ","1",637,17,NA,"S1","164 PERRY STREET                         ","            ",10014,1,1,2," 1,440 "," 3,662 ",1901,1,"S1"," 13,000,000 ","11/5/2015",1.3e+07,3662,1440,3549.97269251775,9027.77777777778,0
"4274",1,"GREENWICH VILLAGE-WEST   ","02  TWO FAMILY DWELLINGS                    ","1",584,38,NA,"B3","31 MORTON STREET                         ","            ",10014,2,0,2," 600 "," 1,600 ",1901,1,"B3"," 5,440,000 ","3/16/2016",5440000,1600,600,3400,9066.66666666667,0
"4275",1,"GREENWICH VILLAGE-WEST   ","02  TWO FAMILY DWELLINGS                    ","1",588,2,NA,"B9","58 BARROW STREET                         ","            ",10014,2,0,2," 960 "," 1,350 ",1910,1,"B9"," 4,250,000 ","10/15/2015",4250000,1350,960,3148.14814814815,4427.08333333333,0
"4276",1,"GREENWICH VILLAGE-WEST   ","02  TWO FAMILY DWELLINGS                    ","1",609,43,NA,"S2","517 AVENUE OF THE AMER                   ","            ",10011,2,1,3," 1,191 "," 2,961 ",1910,1,"S2"," 820,000 ","3/17/2016",820000,2961,1191,276.93346842283,688.497061293031,0
"4280",1,"GREENWICH VILLAGE-WEST   ","02  TWO FAMILY DWELLINGS                    ","1",614,34,NA,"B3","231 WEST 11TH STREET                     ","            ",10014,2,0,2," 1,660 "," 3,360 ",1899,1,"B3"," 11,750,000 ","1/15/2016",11750000,3360,1660,3497.02380952381,7078.31325301205,0
"4281",1,"GREENWICH VILLAGE-WEST   ","02  TWO FAMILY DWELLINGS                    ","1",615,7,NA,"S2","313 WEST 4TH   STREET                    ","            ",10014,2,1,3," 1,503 "," 3,020 ",1915,1,"S2"," 7,650,000 ","12/8/2015",7650000,3020,1503,2533.11258278146,5089.82035928144,0
"4282",1,"GREENWICH VILLAGE-WEST   ","02  TWO FAMILY DWELLINGS                    ","1",626,7,NA,"B3","64 HORATIO STREET                        ","            ",10014,2,0,2," 933 "," 2,160 ",1899,1,"B3"," 6,668,000 ","2/1/2016",6668000,2160,933,3087.03703703704,7146.83815648446,0
"4283",1,"GREENWICH VILLAGE-WEST   ","03  THREE FAMILY DWELLINGS                  ","1",612,53,NA,"C0","8 PERRY STREET                           ","            ",10014,3,0,3," 2,097 "," 3,800 ",1899,1,"C0"," 6,850,000 ","4/13/2016",6850000,3800,2097,1802.63157894737,3266.57129232237,0
"4284",1,"GREENWICH VILLAGE-WEST   ","03  THREE FAMILY DWELLINGS                  ","1",613,30,NA,"C0","21 PERRY STREET                          ","            ",10014,3,0,3," 1,227 "," 3,274 ",1899,1,"C0"," 13,850,000 ","7/27/2016",13850000,3274,1227,4230.2993280391,11287.6935615322,0
"4285",1,"GREENWICH VILLAGE-WEST   ","03  THREE FAMILY DWELLINGS                  ","1",615,58,NA,"C0","327 WEST 4TH STREET                      ","            ",10014,3,0,3," 1,210 "," 3,098 ",1899,1,"C0"," 6,225,000 ","1/27/2016",6225000,3098,1210,2009.3608779858,5144.62809917355,0
"4988",1,"HARLEM-CENTRAL           ","01  ONE FAMILY DWELLINGS                    ","1",1754,8,NA,"A4","11 EAST 129 STREET                       ","            ",10035,1,0,1," 1,081 "," 2,800 ",1905,1,"A4"," 703,667 ","10/6/2015",703667,2800,1081,251.309642857143,650.940795559667,0
"4992",1,"HARLEM-CENTRAL           ","01  ONE FAMILY DWELLINGS                    ","1",1908,133,NA,"S1","273 LENOX AVENUE                         ","            ",10027,1,1,2," 1,275 "," 3,825 ",1909,1,"S1"," 3,000,000 ","2/10/2016",3e+06,3825,1275,784.313725490196,2352.94117647059,0
"4993",1,"HARLEM-CENTRAL           ","01  ONE FAMILY DWELLINGS                    ","1",1914,46,NA,"A5","130 WEST 130TH STREET                    ","            ",10027,1,0,1," 1,749 "," 2,624 ",1910,1,"A5"," 2,600,000 ","9/29/2015",2600000,2624,1749,990.853658536585,1486.56375071469,0
"4994",1,"HARLEM-CENTRAL           ","01  ONE FAMILY DWELLINGS                    ","1",1914,48,NA,"A9","136 WEST 130TH STREET                    ","            ",10027,1,0,1," 1,998 "," 4,144 ",1910,1,"A9"," 3,300,000 ","2/29/2016",3300000,4144,1998,796.332046332046,1651.65165165165,0
"4995",1,"HARLEM-CENTRAL           ","01  ONE FAMILY DWELLINGS                    ","1",1943,50,NA,"A9","401 MANHATTAN AVENUE                     ","            ",10026,1,0,1," 900 "," 2,160 ",1899,1,"A9"," 2,345,000 ","3/17/2016",2345000,2160,900,1085.64814814815,2605.55555555556,0
"4997",1,"HARLEM-CENTRAL           ","01  ONE FAMILY DWELLINGS                    ","1",1960,53,NA,"A9","304 WEST 137 STREET                      ","            ",10030,1,0,1," 1,499 "," 3,300 ",1910,1,"A9"," 277,807 ","12/21/2015",277807,3300,1499,84.1839393939394,185.328218812542,0
"4998",1,"HARLEM-CENTRAL           ","01  ONE FAMILY DWELLINGS                    ","1",2023,21,NA,"A9","221 WEST 137 STREET                      ","            ",10030,1,0,1," 1,799 "," 4,080 ",1910,1,"A9"," 1,755,000 ","8/15/2016",1755000,4080,1799,430.147058823529,975.541967759867,0
"5000",1,"HARLEM-CENTRAL           ","01  ONE FAMILY DWELLINGS                    ","1",2024,28,NA,"A9","203 WEST 138 STREET                      ","            ",10030,1,0,1," 1,782 "," 2,861 ",1910,1,"A9"," 1,790,000 ","4/27/2016",1790000,2861,1782,625.655365256903,1004.48933782267,0
"5001",1,"HARLEM-CENTRAL           ","01  ONE FAMILY DWELLINGS                    ","1",2024,115,NA,"A5","237 WEST 138TH STREET                    ","            ",10030,1,0,1," 1,699 "," 3,162 ",1932,1,"A5"," 2,125,000 ","10/2/2015",2125000,3162,1699,672.043010752688,1250.73572689818,0
"5002",1,"HARLEM-CENTRAL           ","01  ONE FAMILY DWELLINGS                    ","1",2025,12,NA,"A9","243 WEST 139 STREET                      ","            ",10030,1,0,1," 1,815 "," 2,754 ",1920,1,"A9"," 2,110,000 ","4/8/2016",2110000,2754,1815,766.158315177923,1162.53443526171,0
"5004",1,"HARLEM-CENTRAL           ","01  ONE FAMILY DWELLINGS                    ","1",2025,26,NA,"A5","209 WEST 139 STREET                      ","            ",10030,1,0,1," 1,915 "," 3,952 ",1920,1,"A5"," 2,250,000 ","2/9/2016",2250000,3952,1915,569.331983805668,1174.93472584856,0
"5005",1,"HARLEM-CENTRAL           ","01  ONE FAMILY DWELLINGS                    ","1",2041,126,NA,"A9","314 WEST 138 STREET                      ","            ",10030,1,0,1," 1,699 "," 3,536 ",1901,1,"A9"," 1,500,000 ","11/6/2015",1500000,3536,1699,424.20814479638,882.872277810477,0
"5006",1,"HARLEM-CENTRAL           ","01  ONE FAMILY DWELLINGS                    ","1",2042,25,NA,"A9","320 WEST 140 STREET                      ","            ",10030,1,0,1," 1,499 "," 3,000 ",1899,1,"A9"," 2,125,000 ","9/16/2015",2125000,3000,1499,708.333333333333,1417.61174116077,0
"5007",1,"HARLEM-CENTRAL           ","01  ONE FAMILY DWELLINGS                    ","1",2050,96,NA,"A4","9 HAMILTON TERRACE                       ","            ",10031,1,0,1," 1,136 "," 2,322 ",1899,1,"A4"," 1,925,000 ","2/12/2016",1925000,2322,1136,829.026701119724,1694.54225352113,0
"5012",1,"HARLEM-CENTRAL           ","02  TWO FAMILY DWELLINGS                    ","1",1729,117,NA,"B9","39 WEST 131 STREET                       ","            ",10037,2,0,2," 1,249 "," 2,247 ",1910,1,"B9"," 1,865,000 ","3/11/2016",1865000,2247,1249,829.995549621718,1493.19455564452,0
"5013",1,"HARLEM-CENTRAL           ","02  TWO FAMILY DWELLINGS                    ","1",1753,115,NA,"B1","2022 MADISON AVENUE                      ","            ",10035,2,0,2," 1,260 "," 2,880 ",2014,1,"B1"," 2,010,000 ","6/15/2016",2010000,2880,1260,697.916666666667,1595.2380952381,0
"5015",1,"HARLEM-CENTRAL           ","02  TWO FAMILY DWELLINGS                    ","1",1754,116,NA,"B1","2040 MADISON AVENUE                      ","            ",10035,2,0,2," 1,231 "," 3,240 ",1899,1,"B1"," 1,525,000 ","9/4/2015",1525000,3240,1231,470.679012345679,1238.83021933387,0
"5016",1,"HARLEM-CENTRAL           ","02  TWO FAMILY DWELLINGS                    ","1",1827,46,NA,"B1","230 WEST 112 STREET                      ","            ",10026,2,0,2," 1,716 "," 2,907 ",1909,1,"B1"," 3,300,000 ","3/23/2016",3300000,2907,1716,1135.19091847265,1923.07692307692,0
"5017",1,"HARLEM-CENTRAL           ","02  TWO FAMILY DWELLINGS                    ","1",1903,20,NA,"B2","121 WEST 118 STREET                      ","            ",10026,2,0,2," 2,018 "," 6,200 ",1920,1,"B2"," 3,600,000 ","3/30/2016",3600000,6200,2018,580.645161290323,1783.94449950446,0
"5020",1,"HARLEM-CENTRAL           ","02  TWO FAMILY DWELLINGS                    ","1",1912,156,NA,"B1","160 WEST 128 STREET                      ","            ",10027,2,0,2," 1,665 "," 3,727 ",1910,1,"B1"," 2,200,000 ","9/1/2015",2200000,3727,1665,590.287094177623,1321.32132132132,0
"5021",1,"HARLEM-CENTRAL           ","02  TWO FAMILY DWELLINGS                    ","1",1916,50,NA,"B1","142 W 132 ST                             ","            ",10027,2,0,2," 1,599 "," 3,773 ",2014,1,"B1"," 2,650,000 ","7/27/2016",2650000,3773,1599,702.358865624172,1657.28580362727,0
"5022",1,"HARLEM-CENTRAL           ","02  TWO FAMILY DWELLINGS                    ","1",1919,64,NA,"B9","2289 ADAM C POWELL BLVD                  ","            ",10030,2,0,2," 956 "," 2,450 ",1910,1,"B9"," 612,500 ","5/12/2016",612500,2450,956,250,640.690376569038,0
"5023",1,"HARLEM-CENTRAL           ","02  TWO FAMILY DWELLINGS                    ","1",1919,64,NA,"B9","2289 ADAM C POWELL BLVD                  ","            ",10030,2,0,2," 956 "," 2,450 ",1910,1,"B9"," 637,500 ","5/12/2016",637500,2450,956,260.204081632653,666.8410041841,0
"5024",1,"HARLEM-CENTRAL           ","02  TWO FAMILY DWELLINGS                    ","1",1921,16,NA,"B1","139 WEST 136 STREET                      ","            ",10030,2,0,2," 1,549 "," 3,274 ",1910,1,"B1"," 2,450,000 ","5/6/2016",2450000,3274,1549,748.320097739768,1581.66559070368,0
"5025",1,"HARLEM-CENTRAL           ","02  TWO FAMILY DWELLINGS                    ","1",1921,118,NA,"B9","131 W 136TH STREET                       ","            ",10030,2,0,2," 1,549 "," 2,578 ",1910,1,"B9"," 2,450,000 ","7/11/2016",2450000,2578,1549,950.349107835531,1581.66559070368,0
"5026",1,"HARLEM-CENTRAL           ","02  TWO FAMILY DWELLINGS                    ","1",1921,122,NA,"B1","119 WEST 136TH STREET                    ","            ",10030,2,0,2," 1,599 "," 3,796 ",2014,1,"B1"," 2,454,900 ","11/12/2015",2454900,3796,1599,646.707060063225,1535.27204502814,0
"5027",1,"HARLEM-CENTRAL           ","02  TWO FAMILY DWELLINGS                    ","1",1927,13,NA,"B9","247 WEST 121 STREET                      ","            ",10027,2,0,2," 1,817 "," 3,520 ",1910,1,"B9"," 3,000,000 ","4/1/2016",3e+06,3520,1817,852.272727272727,1651.07319757843,0
"5028",1,"HARLEM-CENTRAL           ","02  TWO FAMILY DWELLINGS                    ","1",1937,154,NA,"B9","260 WEST 132 STREET                      ","            ",10027,2,0,2," 1,699 "," 3,436 ",1910,1,"B9"," 2,750,000 ","2/29/2016",2750000,3436,1699,800.34924330617,1618.59917598587,0
"5029",1,"HARLEM-CENTRAL           ","02  TWO FAMILY DWELLINGS                    ","1",1942,25,NA,"B1","209 WEST 136 STREET                      ","            ",10030,2,0,2," 1,699 "," 3,936 ",1899,1,"B1"," 2,000,000 ","7/7/2016",2e+06,3936,1699,508.130081300813,1177.16303708064,0
"5030",1,"HARLEM-CENTRAL           ","02  TWO FAMILY DWELLINGS                    ","1",1942,39,NA,"S2","206 WEST 137 STREET                      ","            ",10030,2,1,3," 1,799 "," 4,150 ",1910,1,"S2"," 2,575,000 ","1/21/2016",2575000,4150,1799,620.481927710843,1431.3507504169,0
"5031",1,"HARLEM-CENTRAL           ","02  TWO FAMILY DWELLINGS                    ","1",1942,52,NA,"B9","242 WEST 137TH STREET                    ","            ",10030,2,0,2," 1,799 "," 3,213 ",1910,1,"B9"," 2,450,000 ","2/25/2016",2450000,3213,1799,762.527233115468,1361.86770428016,0
"5032",1,"HARLEM-CENTRAL           ","02  TWO FAMILY DWELLINGS                    ","1",1942,142,NA,"B3","216 WEST 137 STREET                      ","            ",10030,2,0,2," 1,699 "," 3,914 ",1899,1,"B3"," 1,800,000 ","11/30/2015",1800000,3914,1699,459.887583035258,1059.44673337257,0
"5034",1,"HARLEM-CENTRAL           ","02  TWO FAMILY DWELLINGS                    ","1",1949,159,NA,"S2","360 WEST 123 STREET                      ","            ",10027,2,1,3," 1,615 "," 2,975 ",1910,1,"S2"," 1,410,000 ","5/10/2016",1410000,2975,1615,473.949579831933,873.065015479876,0
"5035",1,"HARLEM-CENTRAL           ","02  TWO FAMILY DWELLINGS                    ","1",1960,34,NA,"B9","321 WEST 136 STREET                      ","            ",10030,2,0,2," 2,548 "," 1,553 ",1905,1,"B9"," 2,200,000 ","11/23/2015",2200000,1553,2548,1416.61300708306,863.422291993721,0
"5036",1,"HARLEM-CENTRAL           ","02  TWO FAMILY DWELLINGS                    ","1",2024,3,NA,"B2","269 WEST 138 STREET                      ","            ",10030,2,0,2," 1,699 "," 2,913 ",1910,1,"B2"," 1,800,000 ","5/13/2016",1800000,2913,1699,617.919670442842,1059.44673337257,0
"5037",1,"HARLEM-CENTRAL           ","02  TWO FAMILY DWELLINGS                    ","1",2024,3,NA,"B2","269 WEST 138 STREET                      ","            ",10030,2,0,2," 1,699 "," 2,913 ",1910,1,"B2"," 1,500,000 ","5/13/2016",1500000,2913,1699,514.933058702369,882.872277810477,0
"5040",1,"HARLEM-CENTRAL           ","02  TWO FAMILY DWELLINGS                    ","1",2050,208,NA,"B9","43 HAMILTON TERRACE                      ","            ",10031,2,0,2," 1,870 "," 4,216 ",1899,1,"B9"," 2,600,000 ","12/21/2015",2600000,4216,1870,616.698292220114,1390.3743315508,0
"5042",1,"HARLEM-CENTRAL           ","03  THREE FAMILY DWELLINGS                  ","1",1717,50,NA,"C0","32 WEST 119 STREET                       ","            ",10026,3,0,3," 1,766 "," 3,536 ",1899,1,"C0"," 2,100,000 ","12/22/2015",2100000,3536,1766,593.891402714932,1189.12797281993,0
"5043",1,"HARLEM-CENTRAL           ","03  THREE FAMILY DWELLINGS                  ","1",1718,11,NA,"C0","75 WEST 119TH STREET                     ","            ",10026,3,0,3," 1,817 "," 3,288 ",1909,1,"C0"," 2,675,000 ","2/8/2016",2675000,3288,1817,813.564476885645,1472.20693450743,0
"5044",1,"HARLEM-CENTRAL           ","03  THREE FAMILY DWELLINGS                  ","1",1720,101,NA,"C0","202 LENOX AVENUE                         ","            ",10027,3,0,3," 1,600 "," 3,548 ",1909,1,"C0"," 3,780,000 ","2/25/2016",3780000,3548,1600,1065.38895152198,2362.5,0
"5048",1,"HARLEM-CENTRAL           ","03  THREE FAMILY DWELLINGS                  ","1",1753,58,NA,"C0","30 EAST 129TH STREET                     ","            ",10035,3,0,3," 2,498 "," 6,390 ",2003,1,"C0"," 3,050,000 ","8/31/2016",3050000,6390,2498,477.308294209703,1220.97678142514,0
"5049",1,"HARLEM-CENTRAL           ","03  THREE FAMILY DWELLINGS                  ","1",1907,28,NA,"C0","103 WEST 122ND STREET                    ","            ",10027,3,0,3," 1,917 "," 3,168 ",1910,1,"C0"," 3,250,000 ","11/6/2015",3250000,3168,1917,1025.88383838384,1695.35732916015,0
"5051",1,"HARLEM-CENTRAL           ","03  THREE FAMILY DWELLINGS                  ","1",1916,43,NA,"C0","120 WEST 132ND STREET                    ","            ",10027,3,0,3," 1,499 "," 2,250 ",1920,1,"C0"," 1,657,500 ","7/6/2016",1657500,2250,1499,736.666666666667,1105.7371581054,0
"5052",1,"HARLEM-CENTRAL           ","03  THREE FAMILY DWELLINGS                  ","1",1917,57,NA,"C0","164 WEST 133RD STREET                    ","            ",10030,3,0,3," 1,590 "," 2,403 ",1910,1,"C0"," 1,955,000 ","4/8/2016",1955000,2403,1590,813.566375364128,1229.55974842767,0
"5055",1,"HARLEM-CENTRAL           ","03  THREE FAMILY DWELLINGS                  ","1",1938,17,NA,"C0","241 WEST 132 STREET                      ","            ",10027,3,0,3," 1,599 "," 4,480 ",1910,1,"C0"," 1,875,000 ","9/2/2015",1875000,4480,1599,418.526785714286,1172.60787992495,0
"5056",1,"HARLEM-CENTRAL           ","03  THREE FAMILY DWELLINGS                  ","1",1942,59,NA,"C0","292 WEST 137 STREET                      ","            ",10030,3,0,3," 1,549 "," 3,740 ",1899,1,"C0"," 2,225,000 ","8/19/2016",2225000,3740,1549,594.919786096257,1436.41058747579,0
"5057",1,"HARLEM-CENTRAL           ","03  THREE FAMILY DWELLINGS                  ","1",1950,107,NA,"C0","355 WEST 123 STREET                      ","            ",10027,3,0,3," 1,598 "," 3,120 ",1901,1,"C0"," 875,000 ","1/15/2016",875000,3120,1598,280.448717948718,547.55944931164,0
"5058",1,"HARLEM-CENTRAL           ","03  THREE FAMILY DWELLINGS                  ","1",2024,9,NA,"C0","253 WEST 138 STREET                      ","            ",10030,3,0,3," 1,998 "," 4,480 ",1899,1,"C0"," 3,100,000 ","4/29/2016",3100000,4480,1998,691.964285714286,1551.55155155155,0
"5059",1,"HARLEM-CENTRAL           ","03  THREE FAMILY DWELLINGS                  ","1",2050,93,NA,"C0","423 WEST 141 STREET                      ","            ",10031,3,0,3," 1,180 "," 3,440 ",1899,1,"C0"," 3,000,000 ","6/16/2016",3e+06,3440,1180,872.093023255814,2542.37288135593,0
"5061",1,"HARLEM-CENTRAL           ","03  THREE FAMILY DWELLINGS                  ","1",2051,110,NA,"C0","200 EDGECOMBE AVENUE                     ","            ",10030,3,0,3," 1,881 "," 1,170 ",1899,1,"C0"," 1,750,000 ","4/1/2016",1750000,1170,1881,1495.7264957265,930.356193514088,0
"5801",1,"HARLEM-EAST              ","02  TWO FAMILY DWELLINGS                    ","1",1795,32,NA,"B9","352 EAST 119 STREET                      ","            ",10035,2,0,2," 1,530 "," 1,820 ",1901,1,"B9"," 850,000 ","5/4/2016",850000,1820,1530,467.032967032967,555.555555555556,0
"5802",1,"HARLEM-EAST              ","03  THREE FAMILY DWELLINGS                  ","1",1623,108,NA,"C0","11 EAST 117TH STREET                     ","            ",10035,3,0,3," 2,017 "," 3,600 ",2000,1,"C0"," 2,000,000 ","8/10/2016",2e+06,3600,2017,555.555555555556,991.571641051066,0
"5805",1,"HARLEM-EAST              ","03  THREE FAMILY DWELLINGS                  ","1",1660,110,NA,"C0","223 EAST 110 STREET                      ","            ",10029,3,0,3," 2,212 "," 2,898 ",1996,1,"C0"," 2,050,000 ","1/19/2016",2050000,2898,2212,707.384403036577,926.763110307414,0
"5806",1,"HARLEM-EAST              ","03  THREE FAMILY DWELLINGS                  ","1",1660,111,NA,"C0","225 EAST 110TH STREET                    ","            ",10029,3,0,3," 2,212 "," 2,898 ",1996,1,"C0"," 2,200,000 ","12/24/2015",2200000,2898,2212,759.144237405107,994.575045207957,0
"5807",1,"HARLEM-EAST              ","03  THREE FAMILY DWELLINGS                  ","1",1665,42,NA,"C0","220 EAST 116TH STREET                    ","            ",10029,3,0,3," 1,892 "," 2,484 ",1900,1,"C0"," 600,000 ","5/4/2016",6e+05,2484,1892,241.545893719807,317.124735729387,0
"5808",1,"HARLEM-EAST              ","03  THREE FAMILY DWELLINGS                  ","1",1665,108,NA,"C0","215 EAST 115 STREET                      ","            ",10029,3,0,3," 1,817 "," 2,430 ",1890,1,"C0"," 975,000 ","10/28/2015",975000,2430,1817,401.234567901235,536.598789212988,0
"5814",1,"HARLEM-EAST              ","03  THREE FAMILY DWELLINGS                  ","1",1807,11,NA,"C0","417 E 119TH STREET                       ","            ",10035,3,0,3," 2,523 "," 5,000 ",1900,1,"C0"," 3,585,000 ","12/1/2015",3585000,5000,2523,717,1420.92746730083,0
"6053",1,"HARLEM-UPPER             ","01  ONE FAMILY DWELLINGS                    ","1",2058,6,NA,"A9","465 WEST 141 STREET                      ","            ",10031,1,0,1," 1,799 "," 6,264 ",1920,1,"A9"," 2,900,000 ","2/29/2016",2900000,6264,1799,462.962962962963,1612.00667037243,0
"6054",1,"HARLEM-UPPER             ","01  ONE FAMILY DWELLINGS                    ","1",2058,19,NA,"S1","452 WEST 142 STREET                      ","            ",10031,1,1,2," 1,799 "," 5,668 ",1901,1,"S1"," 3,075,000 ","11/19/2015",3075000,5668,1799,542.519407198306,1709.28293496387,0
"6055",1,"HARLEM-UPPER             ","01  ONE FAMILY DWELLINGS                    ","1",2059,22,NA,"A4","458 WEST 144 STREET                      ","            ",10031,1,0,1," 1,699 "," 2,915 ",1899,1,"A4"," 2,100,000 ","1/15/2016",2100000,2915,1699,720.41166380789,1236.02118893467,0
"6056",1,"HARLEM-UPPER             ","01  ONE FAMILY DWELLINGS                    ","1",2061,47,NA,"A9","430 WEST 147 STREET                      ","            ",10031,1,0,1," 2,298 "," 4,530 ",1920,1,"A9"," 3,500,000 ","9/16/2015",3500000,4530,2298,772.626931567329,1523.0635335074,0
"6060",1,"HARLEM-UPPER             ","01  ONE FAMILY DWELLINGS                    ","1",2092,123,NA,"A9","613 WEST 145TH ST                        ","            ",10031,1,0,1," 1,482 "," 2,944 ",1910,1,"A9"," 1,750,000 ","12/23/2015",1750000,2944,1482,594.429347826087,1180.8367071525,0
"6061",1,"HARLEM-UPPER             ","01  ONE FAMILY DWELLINGS                    ","1",2094,125,NA,"A9","611 WEST 147 STREET                      ","            ",10031,1,0,1," 1,249 "," 3,440 ",1901,1,"A9"," 2,350,000 ","4/28/2016",2350000,3440,1249,683.139534883721,1881.50520416333,0
"6063",1,"HARLEM-UPPER             ","02  TWO FAMILY DWELLINGS                    ","1",2059,158,NA,"B1","472 WEST 145 STREET                      ","            ",10031,2,0,2," 1,599 "," 4,416 ",1920,1,"B1"," 1,850,000 ","7/26/2016",1850000,4416,1599,418.93115942029,1156.97310819262,0
"6064",1,"HARLEM-UPPER             ","02  TWO FAMILY DWELLINGS                    ","1",2061,7,NA,"B1","473 WEST 146TH STREET                    ","            ",10031,2,0,2," 1,664 "," 3,000 ",2014,1,"B1"," 2,455,000 ","8/11/2016",2455000,3000,1664,818.333333333333,1475.36057692308,0
"6065",1,"HARLEM-UPPER             ","02  TWO FAMILY DWELLINGS                    ","1",2063,127,NA,"B1","405 WEST 148TH STREET                    ","            ",10031,2,0,2," 1,998 "," 4,420 ",1899,1,"B1"," 3,317,400 ","11/19/2015",3317400,4420,1998,750.542986425339,1660.36036036036,0
"6066",1,"HARLEM-UPPER             ","02  TWO FAMILY DWELLINGS                    ","1",2073,13,NA,"B1","541 WEST 141ST STREET                    ","            ",10031,2,0,2," 1,898 "," 3,714 ",1899,1,"B1"," 1,920,000 ","1/29/2016",1920000,3714,1898,516.962843295638,1011.59114857745,0
"6070",1,"HARLEM-UPPER             ","02  TWO FAMILY DWELLINGS                    ","1",2081,42,NA,"B1","522 WEST 150TH STREET                    ","            ",10031,2,0,2," 1,749 "," 3,604 ",1910,1,"B1"," 661,862 ","2/12/2016",661862,3604,1749,183.646503884573,378.423098913665,0
"6071",1,"HARLEM-UPPER             ","02  TWO FAMILY DWELLINGS                    ","1",2089,19,NA,"B3","625 WEST 142ND STREET                    ","            ",10031,2,0,2," 1,499 "," 3,000 ",1910,1,"B3"," 1,520,000 ","5/11/2016",1520000,3000,1499,506.666666666667,1014.00933955971,0
"6072",1,"HARLEM-UPPER             ","02  TWO FAMILY DWELLINGS                    ","1",2093,24,NA,"B3","611 146 STREET                           ","            ",10031,2,0,2," 1,998 "," 4,000 ",1910,1,"B3"," 2,600,000 ","1/14/2016",2600000,4000,1998,650,1301.3013013013,0
"6073",1,"HARLEM-UPPER             ","02  TWO FAMILY DWELLINGS                    ","1",2094,40,NA,"B3","616 WEST 148TH STREET                    ","            ",10031,2,0,2," 1,499 "," 3,000 ",1901,1,"B3"," 999,500 ","5/18/2016",999500,3000,1499,333.166666666667,666.777851901267,0
"6074",1,"HARLEM-UPPER             ","03  THREE FAMILY DWELLINGS                  ","1",2059,35,NA,"C0","471 WEST 144 STREET                      ","            ",10031,3,0,3," 1,749 "," 3,972 ",1901,1,"C0"," 1,625,000 ","10/26/2015",1625000,3972,1749,409.113796576032,929.102344196684,0
"6075",1,"HARLEM-UPPER             ","03  THREE FAMILY DWELLINGS                  ","1",2060,57,NA,"C0","468 WEST 146 STREET                      ","            ",10031,3,0,3," 2,498 "," 3,717 ",1910,1,"C0"," 1,950,000 ","7/7/2016",1950000,3717,2498,524.616626311542,780.62449959968,0
"6076",1,"HARLEM-UPPER             ","03  THREE FAMILY DWELLINGS                  ","1",2060,57,NA,"C0","468 WEST 146 STREET                      ","            ",10031,3,0,3," 2,498 "," 3,717 ",1910,1,"C0"," 1,500,000 ","10/13/2015",1500000,3717,2498,403.551251008878,600.480384307446,0
"6077",1,"HARLEM-UPPER             ","03  THREE FAMILY DWELLINGS                  ","1",2061,136,NA,"C0","404 WEST 147TH STREET                    ","            ",10031,3,0,3," 1,799 "," 4,424 ",1899,1,"C0"," 2,150,000 ","5/3/2016",2150000,4424,1799,485.985533453888,1195.10839355197,0
"6078",1,"HARLEM-UPPER             ","03  THREE FAMILY DWELLINGS                  ","1",2062,8,NA,"C0","461 WEST 147 STREET                      ","            ",10031,3,0,3," 1,873 "," 3,080 ",1997,1,"C0"," 1,862,500 ","10/7/2015",1862500,3080,1873,604.707792207792,994.394020288308,0
"6079",1,"HARLEM-UPPER             ","03  THREE FAMILY DWELLINGS                  ","1",2068,66,NA,"C0","887 ST NICHOLAS AVENUE                   ","            ",10032,3,0,3," 1,700 "," 4,576 ",1901,1,"C0"," 1,340,025 ","10/7/2015",1340025,4576,1700,292.837631118881,788.25,0
"6231",1,"HARLEM-WEST              ","03  THREE FAMILY DWELLINGS                  ","1",2071,55,NA,"C0","540 WEST 140 STREET                      ","            ",10031,3,0,3," 1,214 "," 5,945 ",1910,1,"C0"," 489,459 ","1/14/2016",489459,5945,1214,82.3312026913373,403.178747940692,0
"6232",1,"HARLEM-WEST              ","03  THREE FAMILY DWELLINGS                  ","1",2071,55,NA,"C0","540 WEST 140 STREET                      ","            ",10031,3,0,3," 1,214 "," 5,945 ",1910,1,"C0"," 1,044,729 ","1/14/2016",1044729,5945,1214,175.732380151388,860.567545304778,0
"6281",1,"INWOOD                   ","01  ONE FAMILY DWELLINGS                    ","1",2215,245,NA,"A1","92 TERRACE VIEW AVENUE                   ","            ",10463,1,0,1," 3,700 "," 2,130 ",1901,1,"A1"," 470,000 ","3/7/2016",470000,2130,3700,220.657276995305,127.027027027027,0
"6283",1,"INWOOD                   ","01  ONE FAMILY DWELLINGS                    ","1",2215,571,NA,"A1","96 MARBLE HILL AVENUE                    ","            ",10463,1,0,1," 7,373 "," 3,448 ",1901,1,"A1"," 650,000 ","5/24/2016",650000,3448,7373,188.515081206497,88.159500881595,0
"6284",1,"INWOOD                   ","01  ONE FAMILY DWELLINGS                    ","1",2215,790,NA,"A9","34 VAN CORLEAR PLACE                     ","            ",10463,1,0,1," 950 "," 1,528 ",1925,1,"A9"," 399,900 ","10/22/2015",399900,1528,950,261.714659685864,420.947368421053,0
"6285",1,"INWOOD                   ","02  TWO FAMILY DWELLINGS                    ","1",2215,192,NA,"B1","163A WEST 228TH STREET                   ","            ",10463,2,0,2," 1,665 "," 2,886 ",2003,1,"B1"," 685,000 ","5/17/2016",685000,2886,1665,237.352737352737,411.411411411411,0
"6287",1,"INWOOD                   ","02  TWO FAMILY DWELLINGS                    ","1",2215,269,NA,"B3","73 ADRIAN AVENUE                         ","            ",10463,2,0,2," 2,880 "," 2,249 ",1920,1,"B3"," 840,000 ","7/28/2016",840000,2249,2880,373.499333036905,291.666666666667,0
"6289",1,"INWOOD                   ","02  TWO FAMILY DWELLINGS                    ","1",2215,377,NA,"B1","52 ADRIAN AVENUE                         ","            ",10463,2,0,2," 2,494 "," 3,906 ",1925,1,"B1"," 720,000 ","11/11/2015",720000,3906,2494,184.331797235023,288.69286287089,0
"6461",1,"KIPS BAY                 ","02  TWO FAMILY DWELLINGS                    ","1",925,30,NA,"B1","353 EAST 19TH STREET                     ","            ",10003,2,0,2," 1,840 "," 4,000 ",1920,1,"B1"," 3,125,000 ","2/5/2016",3125000,4000,1840,781.25,1698.36956521739,0
"6759",1,"LITTLE ITALY             ","01  ONE FAMILY DWELLINGS                    ","1",471,5,NA,"A4","5 CENTRE MARKET PLACE                    ","            ",10013,1,0,1," 1,220 "," 4,700 ",1910,1,"A4"," 9,700,000 ","6/6/2016",9700000,4700,1220,2063.82978723404,7950.81967213115,0
"7115",1,"MANHATTAN VALLEY         ","01  ONE FAMILY DWELLINGS                    ","1",1841,16,NA,"A9","128 MANHATTAN AVENUE                     ","            ",10025,1,0,1," 1,418 "," 3,711 ",1900,1,"A9"," 4,455,000 ","6/23/2016",4455000,3711,1418,1200.48504446241,3141.74894217207,0
"7116",1,"MANHATTAN VALLEY         ","02  TWO FAMILY DWELLINGS                    ","1",1840,16,NA,"B1","111 MANHATTAN AVENUE                     ","            ",10025,2,0,2," 900 "," 2,880 ",1899,1,"B1"," 3,100,000 ","6/2/2016",3100000,2880,900,1076.38888888889,3444.44444444444,0
"7117",1,"MANHATTAN VALLEY         ","02  TWO FAMILY DWELLINGS                    ","1",1841,46,NA,"B3","140 MANHATTAN AVENUE                     ","            ",10025,2,0,2," 1,190 "," 3,264 ",1905,1,"B3"," 3,500,000 ","12/14/2015",3500000,3264,1190,1072.30392156863,2941.17647058824,0
"7119",1,"MANHATTAN VALLEY         ","02  TWO FAMILY DWELLINGS                    ","1",1841,49,NA,"B9","134 MANHATTAN AVENUE                     ","            ",10025,2,0,2," 1,418 "," 3,302 ",1920,1,"B9"," 5,350,000 ","8/9/2016",5350000,3302,1418,1620.23016353725,3772.91960507757,0
"7120",1,"MANHATTAN VALLEY         ","03  THREE FAMILY DWELLINGS                  ","1",1847,35,NA,"C0","320 WEST 113 STREET                      ","            ",10026,3,0,3," 1,682 "," 3,200 ",1905,1,"C0"," 1,549,884 ","9/30/2015",1549884,3200,1682,484.33875,921.453032104637,0
"7586",1,"MIDTOWN EAST             ","01  ONE FAMILY DWELLINGS                    ","1",1322,9,NA,"A4","215 EAST 48TH   STREET                   ","            ",10017,1,0,1," 1,665 "," 3,060 ",1899,1,"A4"," 4,800,000 ","10/9/2015",4800000,3060,1665,1568.62745098039,2882.88288288288,0
"7587",1,"MIDTOWN EAST             ","01  ONE FAMILY DWELLINGS                    ","1",1343,12,NA,"A4","325 EAST 50TH   STREET                   ","            ",10022,1,0,1," 1,908 "," 3,040 ",1899,1,"A4"," 6,080,000 ","9/18/2015",6080000,3040,1908,2000,3186.58280922432,0
"7589",1,"MIDTOWN EAST             ","01  ONE FAMILY DWELLINGS                    ","1",1344,12,NA,"A4","327 EAST 51ST STREET                     ","            ",10022,1,0,1," 1,883 "," 4,000 ",1899,1,"A4"," 7,765,000 ","6/1/2016",7765000,4000,1883,1941.25,4123.73871481678,0
"7594",1,"MIDTOWN EAST             ","02  TWO FAMILY DWELLINGS                    ","1",1323,141,NA,"B9","218 EAST 50TH   STREET                   ","            ",10022,2,0,2," 1,300 "," 3,117 ",1900,1,"B9"," 4,875,000 ","3/3/2016",4875000,3117,1300,1564.00384985563,3750,0
"13779",1,"MURRAY HILL              ","01  ONE FAMILY DWELLINGS                    ","1",891,8,NA,"A4","109 EAST 35TH STREET                     ","            ",10016,1,0,1," 1,852 "," 4,320 ",1901,1,"A4"," 5,250,000 ","12/17/2015",5250000,4320,1852,1215.27777777778,2834.77321814255,0
"13780",1,"MURRAY HILL              ","01  ONE FAMILY DWELLINGS                    ","1",893,71,NA,"A4","132 EAST 38TH   STREET                   ","            ",10016,1,0,1," 495 "," 1,920 ",1910,1,"A4"," 2,765,000 ","4/8/2016",2765000,1920,495,1440.10416666667,5585.85858585859,0
"13781",1,"MURRAY HILL              ","01  ONE FAMILY DWELLINGS                    ","1",893,74,NA,"A4","130 EAST 38TH STREET                     ","            ",10016,1,0,1," 491 "," 1,824 ",1910,1,"A4"," 3,100,000 ","2/29/2016",3100000,1824,491,1699.56140350877,6313.64562118126,0
"13782",1,"MURRAY HILL              ","01  ONE FAMILY DWELLINGS                    ","1",893,75,NA,"A4","128 EAST 38TH   STREET                   ","            ",10016,1,0,1," 495 "," 1,821 ",1910,1,"A4"," 2,875,000 ","5/5/2016",2875000,1821,495,1578.80285557386,5808.08080808081,0
"13784",1,"MURRAY HILL              ","02  TWO FAMILY DWELLINGS                    ","1",910,51,NA,"S2","220 EAST 30TH STREET                     ","            ",10016,2,1,3," 1,852 "," 4,243 ",1899,1,"S2"," 4,000,000 ","11/3/2015",4e+06,4243,1852,942.729201037002,2159.82721382289,0
"13785",1,"MURRAY HILL              ","02  TWO FAMILY DWELLINGS                    ","1",910,53,NA,"B9","216 EAST 30TH STREET                     ","            ",10016,2,0,2," 1,852 "," 3,540 ",1901,1,"B9"," 5,250,000 ","10/28/2015",5250000,3540,1852,1483.05084745763,2834.77321814255,0
"14373",1,"SOHO                     ","01  ONE FAMILY DWELLINGS                    ","1",490,27,NA,"A4","50 SULLIVAN STREET                       ","            ",10013,1,1,1," 2,286 "," 4,607 ",2014,1,"A4"," 12,933,334 ","8/4/2016",12933334,4607,2286,2807.3223355763,5657.62642169729,0
"14374",1,"SOHO                     ","01  ONE FAMILY DWELLINGS                    ","1",490,28,NA,"A4","40 SULLIVAN STREET                       ","            ",10013,1,0,1," 2,100 "," 4,607 ",2015,1,"A4"," 8,233,333 ","8/4/2016",8233333,4607,2100,1787.13544606034,3920.63476190476,0
"14375",1,"SOHO                     ","01  ONE FAMILY DWELLINGS                    ","1",490,29,NA,"A4","30 SULLIVAN STREET                       ","            ",10013,1,0,1," 1,937 "," 4,607 ",2015,1,"A4"," 8,233,333 ","8/4/2016",8233333,4607,1937,1787.13544606034,4250.55911202891,0
"14376",1,"SOHO                     ","01  ONE FAMILY DWELLINGS                    ","1",490,30,NA,"A4","130 AVENUE OF THE AMERIC                 ","            ",10013,1,0,1," 1,762 "," 4,607 ",2015,1,"A4"," 8,858,775 ","7/20/2016",8858775,4607,1762,1922.89450835685,5027.68161180477,0
"14377",1,"SOHO                     ","01  ONE FAMILY DWELLINGS                    ","1",519,63,NA,"A4","37 CHARLTON STREET                       ","            ",10014,1,0,1," 2,485 "," 3,972 ",1899,1,"A4"," 11,500,000 ","9/9/2015",11500000,3972,2485,2895.26686807654,4627.76659959759,0
"14378",1,"SOHO                     ","01  ONE FAMILY DWELLINGS                    ","1",520,40,NA,"A9","17 KING STREET                           ","            ",10014,1,0,1," 1,588 "," 3,192 ",1900,1,"A9"," 5,250,000 ","9/29/2015",5250000,3192,1588,1644.73684210526,3306.04534005038,0
"14379",1,"SOHO                     ","02  TWO FAMILY DWELLINGS                    ","1",230,8,NA,"S2","327 CANAL STREET                         ","            ",10013,2,1,3," 1,650 "," 3,468 ",1915,1,"S2"," 4,750,000 ","7/28/2016",4750000,3468,1650,1369.66551326413,2878.78787878788,0
"14841",1,"TRIBECA                  ","01  ONE FAMILY DWELLINGS                    ","1",141,9,NA,"A7","148 READE STREET                         ","            ",10013,1,0,1," 1,370 "," 6,800 ",1999,1,"A7"," 15,900,000 ","10/28/2015",15900000,6800,1370,2338.23529411765,11605.8394160584,0
"14842",1,"TRIBECA                  ","01  ONE FAMILY DWELLINGS                    ","1",141,13,NA,"S1","156 READE STREET                         ","            ",10013,1,1,2," 1,350 "," 6,800 ",1920,1,"S1"," 13,800,000 ","11/12/2015",13800000,6800,1350,2029.41176470588,10222.2222222222,0
"14843",1,"TRIBECA                  ","02  TWO FAMILY DWELLINGS                    ","1",180,26,NA,"B1","17 HARRISON STREET                       ","            ",10013,2,0,2," 1,404 "," 6,000 ",1920,1,"B1"," 12,000,000 ","6/22/2016",1.2e+07,6000,1404,2000,8547.00854700855,0
"14844",1,"TRIBECA                  ","03  THREE FAMILY DWELLINGS                  ","1",132,24,NA,"C0","79 WARREN STREET                         ","            ",10007,3,0,3," 1,875 "," 6,220 ",1905,1,"C0"," 6,000,000 ","10/7/2015",6e+06,6220,1875,964.630225080386,3200,0
"15435",1,"UPPER EAST SIDE (59-79)  ","01  ONE FAMILY DWELLINGS                    ","1",1384,28,NA,"A4","29 EAST 69TH   STREET                    ","6",10021,1,1,1," 2,209 "," 8,745 ",1920,1,"A4"," 22,500,000 ","11/6/2015",22500000,8745,2209,2572.89879931389,10185.6043458579,0
"15436",1,"UPPER EAST SIDE (59-79)  ","01  ONE FAMILY DWELLINGS                    ","1",1392,160,NA,"A4","22 EAST 78TH   STREET                    ","            ",10075,1,0,1," 1,550 "," 3,305 ",1910,1,"A4"," 12,594,000 ","12/18/2015",12594000,3305,1550,3810.59001512859,8125.16129032258,0
"15437",1,"UPPER EAST SIDE (59-79)  ","01  ONE FAMILY DWELLINGS                    ","1",1398,129,NA,"A4","161 EAST 63RD STREET                     ","6",10065,1,0,1," 2,008 "," 4,256 ",1920,1,"A4"," 11,750,000 ","4/26/2016",11750000,4256,2008,2760.80827067669,5851.59362549801,0
"15438",1,"UPPER EAST SIDE (59-79)  ","01  ONE FAMILY DWELLINGS                    ","1",1399,30,NA,"A4","177 EAST 64TH   STREET                   ","            ",10065,1,0,1," 1,607 "," 3,685 ",1899,1,"A4"," 8,450,000 ","8/3/2016",8450000,3685,1607,2293.08005427408,5258.2451773491,0
"15439",1,"UPPER EAST SIDE (59-79)  ","01  ONE FAMILY DWELLINGS                    ","1",1399,41,NA,"A4","156 EAST 65TH   STREET                   ","            ",10065,1,0,1," 1,607 "," 3,313 ",1899,1,"A4"," 7,087,500 ","2/2/2016",7087500,3313,1607,2139.29972834289,4410.39203484754,0
"15440",1,"UPPER EAST SIDE (59-79)  ","01  ONE FAMILY DWELLINGS                    ","1",1400,44,NA,"A4","154 EAST 66TH STREET                     ","            ",10065,1,0,1," 1,883 "," 4,644 ",1899,1,"A4"," 10,000,000 ","2/12/2016",1e+07,4644,1883,2153.31610680448,5310.67445565587,0
"15443",1,"UPPER EAST SIDE (59-79)  ","01  ONE FAMILY DWELLINGS                    ","1",1416,107,NA,"A4","213 EAST 61ST   STREET                   ","            ",10065,1,0,1," 1,808 "," 4,275 ",1905,1,"A4"," 7,925,000 ","8/15/2016",7925000,4275,1808,1853.80116959064,4383.29646017699,0
"15446",1,"UPPER EAST SIDE (59-79)  ","01  ONE FAMILY DWELLINGS                    ","1",1422,131,NA,"A4","246 EAST 68TH   STREET                   ","            ",10065,1,0,1," 1,667 "," 3,072 ",1899,1,"A4"," 5,850,000 ","12/16/2015",5850000,3072,1667,1904.296875,3509.29814037193,0
"15447",1,"UPPER EAST SIDE (59-79)  ","01  ONE FAMILY DWELLINGS                    ","1",1427,16,NA,"A4","235 EAST 72ND   STREET                   ","            ",10021,1,0,1," 1,788 "," 2,634 ",1910,1,"A4"," 10,100,000 ","1/19/2016",10100000,2634,1788,3834.47228549734,5648.76957494407,0
"15448",1,"UPPER EAST SIDE (59-79)  ","01  ONE FAMILY DWELLINGS                    ","1",1437,21,NA,"S1","355 EAST 62ND STREET                     ","            ",10065,1,1,2," 1,607 "," 2,920 ",1910,1,"S1"," 3,230,000 ","6/17/2016",3230000,2920,1607,1106.16438356164,2009.9564405725,0
"15449",1,"UPPER EAST SIDE (59-79)  ","01  ONE FAMILY DWELLINGS                    ","1",1443,32,NA,"A4","362 EAST 69TH   STREET                   ","            ",10021,1,0,1," 1,289 "," 3,730 ",1899,1,"A4"," 7,750,000 ","6/28/2016",7750000,3730,1289,2077.74798927614,6012.41272304112,0
"15450",1,"UPPER EAST SIDE (59-79)  ","01  ONE FAMILY DWELLINGS                    ","1",1443,132,NA,"A4","360 EAST 69TH   STREET                   ","            ",10021,1,0,1," 1,289 "," 3,730 ",1899,1,"A4"," 7,675,000 ","7/29/2016",7675000,3730,1289,2057.64075067024,5954.22808378588,0
"15451",1,"UPPER EAST SIDE (59-79)  ","01  ONE FAMILY DWELLINGS                    ","1",1472,129,NA,"S0","450 EAST 78TH STREET                     ","            ",10075,1,2,3," 640 "," 1,300 ",1910,1,"S0"," 2,250,000 ","3/10/2016",2250000,1300,640,1730.76923076923,3515.625,0
"15452",1,"UPPER EAST SIDE (59-79)  ","02  TWO FAMILY DWELLINGS                    ","1",1383,59,NA,"S2","18 EAST 69TH STREET                      ","            ",10021,2,1,3," 1,560 "," 6,768 ",1899,1,"S2"," 19,700,000 ","6/17/2016",19700000,6768,1560,2910.75650118203,12628.2051282051,0
"15453",1,"UPPER EAST SIDE (59-79)  ","02  TWO FAMILY DWELLINGS                    ","1",1396,10,NA,"B9","123 EAST 61ST   STREET                   ","            ",10065,2,0,2," 1,908 "," 6,850 ",1900,1,"B9"," 12,000,000 ","2/25/2016",1.2e+07,6850,1908,1751.82481751825,6289.30817610063,0
"15454",1,"UPPER EAST SIDE (59-79)  ","02  TWO FAMILY DWELLINGS                    ","1",1397,10,NA,"B1","127 EAST 62ND STREET                     ","            ",10065,2,0,2," 1,168 "," 4,520 ",1899,1,"B1"," 7,238,000 ","10/7/2015",7238000,4520,1168,1601.32743362832,6196.91780821918,0
"15456",1,"UPPER EAST SIDE (59-79)  ","02  TWO FAMILY DWELLINGS                    ","1",1397,30,NA,"B1","165 EAST 62ND STREET                     ","            ",10065,2,0,2," 1,584 "," 3,328 ",1899,1,"B1"," 7,300,000 ","9/9/2015",7300000,3328,1584,2193.50961538462,4608.58585858586,0
"15457",1,"UPPER EAST SIDE (59-79)  ","02  TWO FAMILY DWELLINGS                    ","1",1399,49,NA,"B1","134 EAST 65TH   STREET                   ","            ",10065,2,0,2," 2,008 "," 4,000 ",1899,1,"B1"," 9,250,000 ","2/9/2016",9250000,4000,2008,2312.5,4606.57370517928,0
"15458",1,"UPPER EAST SIDE (59-79)  ","02  TWO FAMILY DWELLINGS                    ","1",1399,65,NA,"B3","116 EAST 65TH   STREET                   ","            ",10065,2,0,2," 2,008 "," 6,901 ",1910,1,"B3"," 15,075,000 ","4/14/2016",15075000,6901,2008,2184.46601941748,7507.47011952191,0
"15459",1,"UPPER EAST SIDE (59-79)  ","02  TWO FAMILY DWELLINGS                    ","1",1405,30,NA,"B1","171 E.70TH STREET                        ","            ",10021,2,0,2," 1,674 "," 4,140 ",1920,1,"B1"," 10,500,000 ","2/3/2016",10500000,4140,1674,2536.23188405797,6272.40143369176,0
"15460",1,"UPPER EAST SIDE (59-79)  ","02  TWO FAMILY DWELLINGS                    ","1",1406,127,NA,"B3","167 EAST 71ST STREET                     ","            ",10021,2,0,2," 1,703 "," 3,841 ",1910,1,"B3"," 10,100,000 ","9/17/2015",10100000,3841,1703,2629.52356157251,5930.71051086318,0
"15461",1,"UPPER EAST SIDE (59-79)  ","02  TWO FAMILY DWELLINGS                    ","1",1407,44,NA,"B1","174 EAST 73RD   STREET                   ","            ",10021,2,0,2," 2,554 "," 5,326 ",1899,1,"B1"," 12,900,000 ","11/9/2015",12900000,5326,2554,2422.08036049568,5050.90054815975,0
"15464",1,"UPPER EAST SIDE (59-79)  ","02  TWO FAMILY DWELLINGS                    ","1",1433,114,NA,"B1","239 EAST 78TH STREET                     ","            ",10075,2,0,2," 1,413 "," 2,600 ",1899,1,"B1"," 6,075,000 ","8/23/2016",6075000,2600,1413,2336.53846153846,4299.36305732484,0
"17471",1,"UPPER EAST SIDE (79-96)  ","01  ONE FAMILY DWELLINGS                    ","1",1491,14,NA,"S1","27 EAST 79TH   STREET                    ","            ",10075,1,1,2," 2,452 "," 5,760 ",1920,1,"S1"," 28,000,000 ","4/4/2016",2.8e+07,5760,2452,4861.11111111111,11419.2495921697,0
"17472",1,"UPPER EAST SIDE (79-96)  ","01  ONE FAMILY DWELLINGS                    ","1",1492,44,NA,"A4","46 EAST 81ST   STREET                    ","            ",10028,1,0,1," 2,043 "," 5,400 ",1901,1,"A4"," 16,000,000 ","1/21/2016",1.6e+07,5400,2043,2962.96296296296,7831.62016642193,0
"17473",1,"UPPER EAST SIDE (79-96)  ","01  ONE FAMILY DWELLINGS                    ","1",1495,12,NA,"A4","21 EAST 83RD STREET                      ","            ",10028,1,0,1," 1,839 "," 4,430 ",1925,1,"A4"," 14,386,848 ","3/11/2016",14386848,4430,1839,3247.59548532731,7823.19086460033,0
"17474",1,"UPPER EAST SIDE (79-96)  ","01  ONE FAMILY DWELLINGS                    ","1",1496,8,NA,"A7","7 EAST 84TH   STREET                     ","            ",10028,1,0,1," 2,554 "," 7,500 ",1920,1,"A7"," 27,000,500 ","2/3/2016",27000500,7500,2554,3600.06666666667,10571.8480814409,0
"17476",1,"UPPER EAST SIDE (79-96)  ","01  ONE FAMILY DWELLINGS                    ","1",1505,7,NA,"A4","5 EAST 93RD STREET                       ","            ",10128,1,0,1," 2,164 "," 6,254 ",1901,1,"A4"," 10,600,000 ","7/21/2016",10600000,6254,2164,1694.91525423729,4898.33641404806,0
"17477",1,"UPPER EAST SIDE (79-96)  ","01  ONE FAMILY DWELLINGS                    ","1",1505,27,NA,"A4","61 EAST 93RD   STREET                    ","            ",10128,1,0,1," 1,644 "," 3,684 ",1901,1,"A4"," 6,600,000 ","4/15/2016",6600000,3684,1644,1791.53094462541,4014.59854014599,0
"17478",1,"UPPER EAST SIDE (79-96)  ","01  ONE FAMILY DWELLINGS                    ","1",1506,162,NA,"A9","14 EAST 95TH   STREET                    ","            ",10128,1,0,1," 1,611 "," 5,739 ",1920,1,"A9"," 13,000,000 ","1/8/2016",1.3e+07,5739,1611,2265.20299703781,8069.52203600248,0
"17479",1,"UPPER EAST SIDE (79-96)  ","01  ONE FAMILY DWELLINGS                    ","1",1508,26,NA,"S1","167 EAST 79TH STREET                     ","            ",10075,1,1,2," 1,584 "," 3,750 ",1899,1,"S1"," 7,100,000 ","7/13/2016",7100000,3750,1584,1893.33333333333,4482.32323232323,0
"17481",1,"UPPER EAST SIDE (79-96)  ","01  ONE FAMILY DWELLINGS                    ","1",1517,47,NA,"A9","156 EAST 89TH STREET                     ","            ",10128,1,0,1," 1,258 "," 3,672 ",1899,1,"A9"," 4,300,000 ","4/8/2016",4300000,3672,1258,1171.02396514161,3418.1240063593,0
"17482",1,"UPPER EAST SIDE (79-96)  ","01  ONE FAMILY DWELLINGS                    ","1",1520,1,NA,"A4","1141 PARK AVENUE                         ","            ",10128,1,1,1," 1,429 "," 5,779 ",1920,1,"A4"," 10,500,000 ","7/19/2016",10500000,5779,1429,1816.92334313895,7347.79566130161,0
"17483",1,"UPPER EAST SIDE (79-96)  ","01  ONE FAMILY DWELLINGS                    ","1",1521,61,NA,"A9","128 EAST 93RD   STREET                   ","            ",10128,1,0,1," 2,525 "," 4,000 ",1899,1,"A9"," 10,324,000 ","6/20/2016",10324000,4000,2525,2581,4088.71287128713,0
"17484",1,"UPPER EAST SIDE (79-96)  ","01  ONE FAMILY DWELLINGS                    ","1",1521,111,NA,"A9","123 EAST 92ND   STREET                   ","            ",10128,1,0,1," 1,258 "," 1,992 ",1910,1,"A9"," 4,200,000 ","7/28/2016",4200000,1992,1258,2108.43373493976,3338.63275039746,0
"17488",1,"UPPER EAST SIDE (79-96)  ","01  ONE FAMILY DWELLINGS                    ","1",1523,165,NA,"A9","122 EAST 95TH   STREET                   ","            ",10128,1,0,1," 2,013 "," 4,160 ",1899,1,"A9"," 8,250,000 ","4/14/2016",8250000,4160,2013,1983.17307692308,4098.36065573771,0
"17489",1,"UPPER EAST SIDE (79-96)  ","01  ONE FAMILY DWELLINGS                    ","1",1547,20,NA,"A4","347 EAST 84TH STREET                     ","            ",10028,1,0,1," 2,043 "," 3,296 ",1901,1,"A4"," 4,600,000 ","7/7/2016",4600000,3296,2043,1395.63106796116,2251.5907978463,0
"17490",1,"UPPER EAST SIDE (79-96)  ","01  ONE FAMILY DWELLINGS                    ","1",1564,14,NA,"A9","431 EAST 84TH   STREET                   ","            ",10028,1,0,1," 1,601 "," 3,000 ",1899,1,"A9"," 1,355,989 ","1/27/2016",1355989,3000,1601,451.996333333333,846.963772642099,0
"17492",1,"UPPER EAST SIDE (79-96)  ","02  TWO FAMILY DWELLINGS                    ","1",1492,130,NA,"B1","63 EAST 80TH STREET                      ","            ",10075,2,0,2," 1,601 "," 4,258 ",1899,1,"B1"," 9,250,000 ","5/24/2016",9250000,4258,1601,2172.38139971818,5777.63897564022,0
"17493",1,"UPPER EAST SIDE (79-96)  ","02  TWO FAMILY DWELLINGS                    ","1",1494,26,NA,"B1","55 EAST 82ND   STREET                    ","            ",10028,2,0,2," 1,635 "," 5,052 ",1899,1,"B1"," 10,000,000 ","2/17/2016",1e+07,5052,1635,1979.41409342835,6116.20795107034,0
"17494",1,"UPPER EAST SIDE (79-96)  ","02  TWO FAMILY DWELLINGS                    ","1",1505,63,NA,"B1","16 EAST 94TH STREET                      ","            ",10128,2,0,2," 1,728 "," 4,166 ",1920,1,"B1"," 8,059,218 ","1/15/2016",8059218,4166,1728,1934.52184349496,4663.89930555556,0
"17496",1,"UPPER EAST SIDE (79-96)  ","02  TWO FAMILY DWELLINGS                    ","1",1520,104,NA,"B1","103 EAST 91ST   STREET                   ","            ",10128,2,0,2," 1,623 "," 3,914 ",1910,1,"B1"," 7,362,500 ","4/14/2016",7362500,3914,1623,1881.06796116505,4536.35243376463,0
"17497",1,"UPPER EAST SIDE (79-96)  ","02  TWO FAMILY DWELLINGS                    ","1",1520,109,NA,"B1","121 EAST 91ST STREET                     ","            ",10128,2,0,2," 1,510 "," 3,556 ",1901,1,"B1"," 7,200,000 ","1/19/2016",7200000,3556,1510,2024.74690663667,4768.2119205298,0
"17498",1,"UPPER EAST SIDE (79-96)  ","02  TWO FAMILY DWELLINGS                    ","1",1522,40,NA,"B1","1676 THIRD AVENUE                        ","            ",10128,2,0,2," 929 "," 4,829 ",2012,1,"B1"," 8,950,000 ","3/11/2016",8950000,4829,929,1853.38579416028,9634.01506996771,0
"17500",1,"UPPER EAST SIDE (79-96)  ","02  TWO FAMILY DWELLINGS                    ","1",1548,46,NA,"S2","312 EAST 86TH   STREET                   ","            ",10028,2,1,3," 1,788 "," 3,740 ",1925,1,"S2"," 8,865,011 ","4/13/2016",8865011,3740,1788,2370.32379679144,4958.05984340045,0
"17501",1,"UPPER EAST SIDE (79-96)  ","02  TWO FAMILY DWELLINGS                    ","1",1567,20,NA,"B9","441 EAST 87TH   STREET                   ","            ",10128,2,0,2," 2,150 "," 3,381 ",1901,1,"B9"," 5,600,000 ","4/5/2016",5600000,3381,2150,1656.31469979296,2604.6511627907,0
"17504",1,"UPPER EAST SIDE (79-96)  ","03  THREE FAMILY DWELLINGS                  ","1",1511,43,NA,"C0","166 EAST 83RD   STREET                   ","            ",10028,3,0,3," 1,632 "," 3,242 ",1899,1,"C0"," 6,400,000 ","2/22/2016",6400000,3242,1632,1974.09006785935,3921.56862745098,0
"17505",1,"UPPER EAST SIDE (79-96)  ","03  THREE FAMILY DWELLINGS                  ","1",1523,141,NA,"C0","178 EAST 95TH STREET                     ","            ",10128,3,0,3," 1,888 "," 3,456 ",1899,1,"C0"," 6,000,000 ","6/13/2016",6e+06,3456,1888,1736.11111111111,3177.96610169492,0
"19204",1,"UPPER WEST SIDE (59-79)  ","02  TWO FAMILY DWELLINGS                    ","1",1143,22,NA,"B1","131 WEST 71ST   STREET                   ","            ",10023,2,0,2," 1,941 "," 5,709 ",1900,1,"B1"," 7,850,000 ","3/1/2016",7850000,5709,1941,1375.02189525311,4044.30705821741,0
"20778",1,"UPPER WEST SIDE (79-96)  ","01  ONE FAMILY DWELLINGS                    ","1",1196,139,NA,"A4","12 WEST 83RD STREET                      ","            ",10024,1,0,1," 1,865 "," 4,176 ",1901,1,"A4"," 9,995,000 ","6/30/2016",9995000,4176,1865,2393.43869731801,5359.24932975871,0
"20779",1,"UPPER WEST SIDE (79-96)  ","01  ONE FAMILY DWELLINGS                    ","1",1199,112,NA,"A4","53 WEST 85TH STREET                      ","            ",10024,1,0,1," 1,788 "," 4,808 ",1900,1,"A4"," 7,050,000 ","12/4/2015",7050000,4808,1788,1466.30615640599,3942.95302013423,0
"20780",1,"UPPER WEST SIDE (79-96)  ","01  ONE FAMILY DWELLINGS                    ","1",1217,39,NA,"A4","112 WEST 87TH STREET                     ","            ",10024,1,0,1," 1,762 "," 6,936 ",1910,1,"A4"," 6,995,000 ","2/29/2016",6995000,6936,1762,1008.50634371396,3969.92054483541,0
"20781",1,"UPPER WEST SIDE (79-96)  ","01  ONE FAMILY DWELLINGS                    ","1",1218,42,NA,"A4","130 WEST 88TH   STREET                   ","            ",10024,1,0,1," 1,762 "," 3,926 ",1899,1,"A4"," 7,750,000 ","5/20/2016",7750000,3926,1762,1974.01935812532,4398.41089670829,0
"20782",1,"UPPER WEST SIDE (79-96)  ","01  ONE FAMILY DWELLINGS                    ","1",1218,124,NA,"A4","123 WEST 87TH   STREET                   ","            ",10024,1,0,1," 1,711 "," 3,958 ",1900,1,"A4"," 7,390,000 ","4/27/2016",7390000,3958,1711,1867.10459828196,4319.11163062537,0
"20783",1,"UPPER WEST SIDE (79-96)  ","01  ONE FAMILY DWELLINGS                    ","1",1226,119,NA,"A4","131 WEST 95TH   STREET                   ","            ",10025,1,0,1," 1,711 "," 4,385 ",1905,1,"A4"," 7,029,382 ","8/15/2016",7029382,4385,1711,1603.05176738883,4108.34716540035,0
"20784",1,"UPPER WEST SIDE (79-96)  ","01  ONE FAMILY DWELLINGS                    ","1",1226,125,NA,"A5","113 WEST 95TH STREET                     ","            ",10025,1,0,1," 1,611 "," 5,536 ",1910,1,"A5"," 7,995,000 ","5/13/2016",7995000,5536,1611,1444.18352601156,4962.75605214153,0
"20785",1,"UPPER WEST SIDE (79-96)  ","01  ONE FAMILY DWELLINGS                    ","1",1238,7,NA,"A5","265 WEST 90TH STREET                     ","            ",10024,1,0,1," 1,812 "," 4,800 ",1920,1,"A5"," 5,937,500 ","12/18/2015",5937500,4800,1812,1236.97916666667,3276.76600441501,0
"20787",1,"UPPER WEST SIDE (79-96)  ","02  TWO FAMILY DWELLINGS                    ","1",1196,38,NA,"B9","8 WEST 83RD STREET                       ","            ",10024,2,0,2," 1,533 "," 3,600 ",1900,1,"B9"," 561,741 ","1/29/2016",561741,3600,1533,156.039166666667,366.432485322896,0
"20788",1,"UPPER WEST SIDE (79-96)  ","02  TWO FAMILY DWELLINGS                    ","1",1208,51,NA,"B3","44 WEST 95TH STREET                      ","            ",10025,2,0,2," 2,013 "," 4,400 ",1901,1,"B3"," 4,225,000 ","5/25/2016",4225000,4400,2013,960.227272727273,2098.85742672628,0
"20789",1,"UPPER WEST SIDE (79-96)  ","02  TWO FAMILY DWELLINGS                    ","1",1217,141,NA,"B1","118 WEST 87TH STREET                     ","            ",10024,2,0,2," 2,013 "," 5,940 ",1910,1,"B1"," 9,500,000 ","8/4/2016",9500000,5940,2013,1599.3265993266,4719.32439145554,0
"20791",1,"UPPER WEST SIDE (79-96)  ","02  TWO FAMILY DWELLINGS                    ","1",1219,17,NA,"B3","145 WEST 88TH   STREET                   ","            ",10024,2,0,2," 1,717 "," 3,680 ",1901,1,"B3"," 6,200,000 ","9/9/2015",6200000,3680,1717,1684.78260869565,3610.94933022714,0
"20792",1,"UPPER WEST SIDE (79-96)  ","02  TWO FAMILY DWELLINGS                    ","1",1233,5,NA,"B1","261 WEST 85TH STREET                     ","            ",10024,2,0,2," 1,635 "," 5,276 ",1910,1,"B1"," 5,675,000 ","3/24/2016",5675000,5276,1635,1075.62547384382,3470.94801223242,0
"20794",1,"UPPER WEST SIDE (79-96)  ","02  TWO FAMILY DWELLINGS                    ","1",1251,20,NA,"B9","627 WEST END AVENUE                      ","            ",10024,2,0,2," 1,476 "," 5,024 ",1899,1,"B9"," 6,900,000 ","3/1/2016",6900000,5024,1476,1373.4076433121,4674.79674796748,0
"21812",1,"UPPER WEST SIDE (96-116) ","02  TWO FAMILY DWELLINGS                    ","1",1890,51,NA,"B1","307 WEST 103RD STREET                    ","            ",10025,2,0,2," 2,018 "," 4,900 ",1905,1,"B1"," 6,225,000 ","3/21/2016",6225000,4900,2018,1270.40816326531,3084.73736372646,0
"21814",1,"UPPER WEST SIDE (96-116) ","03  THREE FAMILY DWELLINGS                  ","1",1889,50,NA,"C0","323 WEST 101 STREET                      ","            ",10025,3,0,3," 2,018 "," 4,480 ",1905,1,"C0"," 5,000,000 ","12/16/2015",5e+06,4480,2018,1116.07142857143,2477.70069375619,0
"22248",1,"WASHINGTON HEIGHTS LOWER ","02  TWO FAMILY DWELLINGS                    ","1",2109,63,NA,"B2","12 SYLVAN TERRACE                        ","            ",10032,2,0,2," 673 "," 1,425 ",1899,1,"B2"," 1,492,500 ","1/22/2016",1492500,1425,673,1047.36842105263,2217.68202080238,0
"22249",1,"WASHINGTON HEIGHTS LOWER ","02  TWO FAMILY DWELLINGS                    ","1",2134,148,NA,"B3","648 WEST 158 STREET                      ","            ",10032,2,0,2," 1,950 "," 3,728 ",1899,1,"B3"," 1,200,000 ","11/24/2015",1200000,3728,1950,321.888412017167,615.384615384615,0
"22250",1,"WASHINGTON HEIGHTS LOWER ","02  TWO FAMILY DWELLINGS                    ","1",2134,358,NA,"B9","626 WEST 158 STREET                      ","            ",10032,2,0,2," 1,923 "," 3,420 ",1899,1,"B9"," 250,000 ","8/19/2016",250000,3420,1923,73.0994152046784,130.005200208008,0
"22451",1,"WASHINGTON HEIGHTS UPPER ","01  ONE FAMILY DWELLINGS                    ","1",2154,61,NA,"S0","563 WEST 182 STREET                      ","            ",10033,1,2,3," 1,329 "," 2,482 ",1901,1,"S0"," 1,275,000 ","12/29/2015",1275000,2482,1329,513.698630136986,959.367945823928,0
"22452",1,"WASHINGTON HEIGHTS UPPER ","02  TWO FAMILY DWELLINGS                    ","1",2154,57,NA,"B2","553 WEST 182 STREET                      ","            ",10033,2,0,2," 1,994 "," 2,660 ",1901,1,"B2"," 297,000 ","9/21/2015",297000,2660,1994,111.654135338346,148.946840521565,0
